ì˙ït,ózê´é“êîçáåv
2020/3/7,1
2020/3/12,2
2020/3/14,2
2020/3/16,1
2020/3/17,4
2020/3/20,1
2020/3/24,3
2020/3/28,4
2020/3/31,2
2020/4/2,1
2020/4/3,4
2020/4/4,1
2020/4/7,3
2020/4/9,4
2020/4/10,11
2020/4/11,35
2020/4/12,11
2020/4/14,6
2020/4/15,10
2020/4/16,6
2020/4/17,2
2020/4/18,6
2020/4/19,2
2020/4/20,2
2020/4/21,7
2020/4/22,3
2020/4/23,4
2020/4/24,2
2020/4/26,1
2020/4/27,5
2020/5/6,1
2020/5/19,1
2020/5/22,1
2020/6/5,2
2020/6/24,1
2020/6/30,1
2020/7/3,1
2020/7/4,1
2020/7/13,2
2020/7/15,4
2020/7/16,3
2020/7/17,2
2020/7/18,1
2020/7/21,2
2020/7/22,5
2020/7/23,3
2020/7/25,2
2020/7/28,4
2020/7/30,4
2020/7/31,4
2020/8/2,1
2020/8/3,2
2020/8/4,3
2020/8/5,6
2020/8/6,5
2020/8/7,7
2020/8/8,7
2020/8/9,5
2020/8/10,7
2020/8/11,5
2020/8/12,8
2020/8/13,10
2020/8/14,17
2020/8/15,5
2020/8/16,20
2020/8/17,10
2020/8/18,16
2020/8/19,13
2020/8/20,14
2020/8/21,12
2020/8/22,10
2020/8/23,6
2020/8/24,4
2020/8/25,10
2020/8/26,19
2020/8/27,14
2020/8/28,5
2020/8/29,3
2020/8/30,2
2020/8/31,5
2020/9/1,4
2020/9/2,5
2020/9/3,13
2020/9/4,8
2020/9/5,7
2020/9/6,4
2020/9/7,9
2020/9/8,8
2020/9/9,2
2020/9/10,8
2020/9/11,20
2020/9/12,13
2020/9/13,7
2020/9/14,3
2020/9/15,23
2020/9/16,18
2020/9/17,20
2020/9/18,20
2020/9/19,22
2020/9/20,9
2020/9/21,6
2020/9/22,12
2020/9/23,2
2020/9/24,10
2020/9/25,3
2020/9/27,1
2020/9/29,2
2020/9/30,4
2020/10/1,14
2020/10/2,1
2020/10/3,8
2020/10/5,1
2020/10/6,5
2020/10/7,2
2020/10/8,7
2020/10/9,5
2020/10/10,9
2020/10/11,4
2020/10/13,2
2020/10/14,1
2020/10/15,1
2020/10/16,2
2020/10/17,4
2020/10/18,3
2020/10/19,11
2020/10/20,18
2020/10/21,4
2020/10/22,30
2020/10/23,15
2020/10/24,13
2020/10/25,5
2020/10/26,2
2020/10/27,10
2020/10/28,5
2020/10/29,5
2020/10/30,6
2020/10/31,2
2020/11/1,1
2020/11/2,3
2020/11/3,2
2020/11/4,6
2020/11/5,3
2020/11/6,7
2020/11/7,3
2020/11/9,2
2020/11/10,8
2020/11/11,5
2020/11/12,4
2020/10/12,1
2020/11/13,6
2020/11/14,1
2020/11/15,6
2020/11/16,3
2020/11/17,6
2020/11/18,9
2020/11/19,25
2020/11/20,26
2020/11/21,11
2020/11/22,8
2020/11/23,8
2020/11/24,16
2020/11/25,30
2020/11/26,25
2020/11/27,39
2020/11/28,22
2020/11/29,11
2020/11/30,23
2020/12/1,39
2020/12/2,35
2020/12/3,29
2020/12/4,36
2020/12/5,18
2020/12/6,14
2020/12/7,22
2020/12/8,47
2020/12/9,40
2020/12/10,57
2020/12/11,46
2020/12/12,46
2020/12/13,19
2020/12/14,29
2020/12/15,47
2020/12/16,54
2020/12/17,51
2020/12/18,41
2020/12/19,31
2020/12/20,34
2020/12/21,18
2020/12/22,26
2020/12/23,42
2020/12/24,56
2020/12/25,38
2020/12/26,37
2020/12/27,17
2020/12/28,33
2020/12/29,54
2020/12/30,38
2020/12/31,21
2021/1/1,45
2021/1/2,29
2021/1/3,40
2021/1/4,42
2021/1/5,48
2021/1/6,95
2021/1/7,101
2021/1/8,60
2021/1/9,72
2021/1/10,38
2021/1/11,37
2021/1/12,62
2021/1/13,57
2021/1/14,83
2021/1/15,89
2021/1/16,57
2021/1/17,30
2021/1/18,56
2021/1/19,49
2021/1/20,57
2021/1/21,58
2021/1/22,36
2021/1/23,31
2021/1/24,22
2021/1/25,20
2021/1/26,49
2021/1/27,35
2021/1/28,38
2021/1/29,32
2021/1/30,66
2021/1/31,20
2021/2/1,41
2021/2/2,41
2021/2/3,51
2021/2/4,43
2021/2/5,28
2021/2/6,20
2021/2/7,14
2021/2/8,23
2021/2/9,28
2021/2/10,19
2021/2/11,14
2021/2/12,20
2021/2/13,36
2021/2/14,12
2021/2/15,17
2021/2/16,27
2021/2/17,15
2021/2/18,14
2021/2/19,10
2021/2/20,12
2021/2/21,7
2021/2/22,21
2021/2/23,9
2021/2/24,11
2021/2/25,34
2021/2/26,36
2021/2/27,11
2021/2/28,14
2021/3/1,12
2021/3/2,15
2021/3/3,22
2021/3/4,12
2021/3/5,16
2021/3/6,9
2021/3/7,8
2021/3/8,6
2021/3/9,16
2021/3/10,10
2021/3/11,21
2021/3/12,18
2021/3/13,10
2021/3/14,12
2021/3/15,12
2021/3/16,26
2021/3/17,22
2021/3/18,19
2021/3/19,23
2021/3/20,12
2021/3/21,11
2021/3/22,20
2021/3/23,19
2021/3/24,22
2021/3/25,23
2021/3/26,16
2021/3/27,17
2021/3/28,18
2021/3/29,23
2021/3/30,20
2021/3/31,23
2021/4/1,33
2021/4/2,17
2021/4/3,31
2021/4/4,6
2021/4/5,15
2021/4/6,25
2021/4/7,33
2021/4/8,17
2021/4/9,40
2021/4/10,15
2021/4/11,26
2021/4/12,19
2021/4/13,57
2021/4/14,31
2021/4/15,30
2021/4/16,34
2021/4/17,22
2021/4/18,8
2021/4/19,37
2021/4/20,38
2021/4/21,38
2021/4/22,35
2021/4/23,47
2021/4/24,38
2021/4/25,33
2021/4/26,49
2021/4/27,62
2021/4/28,74
2021/4/29,72
2021/4/30,82
2021/5/1,78
2021/5/2,68
2021/5/3,54
2021/5/4,55
2021/5/5,56
2021/5/6,98
2021/5/7,111
2021/5/8,92
2021/5/9,59
2021/5/10,76
2021/5/11,108
2021/5/12,85
2021/5/13,52
2021/5/14,60
2021/5/15,57
2021/5/16,33
2021/5/17,65
2021/5/18,62
2021/5/19,67
2021/5/20,37
2021/5/21,59
2021/5/22,54
2021/5/23,19
2021/5/24,39
2021/5/25,66
2021/5/26,31
2021/5/27,26
2021/5/28,33
2021/5/29,17
2021/5/30,9
2021/5/31,19
2021/6/1,22
2021/6/2,18
2021/6/3,20
2021/6/4,13
2021/6/5,5
2021/6/6,10
2021/6/7,7
2021/6/8,17
2021/6/9,7
2021/6/10,12
2021/6/11,7
2021/6/12,3
2021/6/13,2
2021/6/14,7
2021/6/15,4
2021/6/16,1
2021/6/17,3
2021/6/18,3
2021/6/19,4
2021/6/20,0
2021/6/21,6
2021/6/22,3
2021/6/23,0
2021/6/24,4
2021/6/25,5
2021/6/26,4
2021/6/27,1
2021/6/28,5
2021/6/29,4
2021/6/30,1
2021/7/1,5
2021/7/2,6
2021/7/3,3
2021/7/4,1
2021/7/5,2
,
